corpus,method,cab_bytes,before_write_mib_s,after_write_mib_s,write_mib_s_change_pct,before_read_mib_s,after_read_mib_s,read_mib_s_change_pct
repetitive,stored,1048904,16623.114,16694.324,0.4283794239755556,15285.892,15633.427,2.2735670250712214
repetitive,mszip,5800,605.485,622.684,2.84053279602301,2339.754,2323.797,-0.6819947738095467
repetitive,lzx-15,15626,423.567,430.418,1.6174536732087352,2439.2,2455.266,0.6586585765824937
repetitive,lzx-21,18186,411.438,419.789,2.029710430247089,2008.684,1996.516,-0.605769747755236
repetitive,quantum-1-18,2614,91.563,90.67,-0.9752847766019035,799.142,996.379,24.68109547489683
repetitive,quantum-7-18,2614,93.325,92.466,-0.9204393249397369,798.858,997.252,24.83470153644327
mixed,stored,1048904,17139.312,17193.593,0.31670466119060325,16020.455,16009.401,-0.06899928872182715
mixed,mszip,532255,135.842,134.418,-1.0482766743717065,593.061,593.681,0.1045423657937361
mixed,lzx-15,542752,121.033,118.643,-1.974668065734142,510.704,506.585,-0.8065337259939298
mixed,lzx-21,545312,117.665,118.433,0.6527004631793565,486.366,489.447,0.6334735569509364
mixed,quantum-1-18,533770,11.003,11.019,0.14541488684904902,21.149,20.998,-0.7139817485460331
mixed,quantum-7-18,533770,10.743,10.766,0.21409289770082385,21.162,21.125,-0.17484169738209987
random,stored,1048904,16571.299,17156.661,3.53238451614446,16007.863,16055.127,0.29525490066975024
random,mszip,1049128,66.352,66.703,0.5289968652037569,4356.31,4365.823,0.21837288898172158
random,lzx-15,1062250,64.851,64.949,0.1511156343001696,290.232,290.123,-0.03755616196698952
random,lzx-21,1064810,64.611,64.663,0.08048165173111244,282.671,282.982,0.11002189824922404
random,quantum-1-18,1059316,5.087,5.098,0.21623746805583544,10.679,10.653,-0.24346848955894007
random,quantum-7-18,1059316,5.088,5.104,0.3144654088050425,10.675,10.656,-0.17798594847775462
