corpus,method,input_bytes,cab_bytes,ratio,iterations,write_mib_s,read_mib_s
"repetitive","stored",1048576,1048904,1.000313,10,16694.324,15483.160
"repetitive","mszip",1048576,5800,0.005531,10,622.684,2338.443
"repetitive","lzx-15",1048576,15626,0.014902,10,430.418,2455.988
"repetitive","lzx-21",1048576,18186,0.017344,10,419.789,2019.030
"repetitive","quantum-1-18",1048576,2614,0.002493,10,93.217,996.379
"repetitive","quantum-7-18",1048576,2614,0.002493,10,93.449,997.252
"mixed","stored",1048576,1048904,1.000313,10,16960.191,15933.462
"mixed","mszip",1048576,532255,0.507598,10,134.418,595.664
"mixed","lzx-15",1048576,542752,0.517609,10,121.340,511.780
"mixed","lzx-21",1048576,545312,0.520050,10,120.485,489.447
"mixed","quantum-1-18",1048576,533770,0.509043,10,11.034,20.869
"mixed","quantum-7-18",1048576,533770,0.509043,10,10.777,21.125
"random","stored",1048576,1048904,1.000313,10,17156.661,15790.704
"random","mszip",1048576,1049128,1.000526,10,66.703,4415.883
"random","lzx-15",1048576,1062250,1.013041,10,64.980,291.350
"random","lzx-21",1048576,1064810,1.015482,10,64.663,281.825
"random","quantum-1-18",1048576,1059316,1.010242,10,5.084,10.640
"random","quantum-7-18",1048576,1059316,1.010242,10,5.101,10.656
