method,corpus,input_bytes,api,repetition,cab_bytes,seconds,mib_per_second,peak_rss_kib,sha256,byte_identical
stored,repetitive,65536,bytes,1,65624,0.000134282,465.4384057431376,2412,a75e1698c3b64aa8c3f47d1a4ca3ab0675af2840df98c4a388ce93168a7b98e4,True
stored,repetitive,65536,reader,1,65624,7.3418e-05,851.2898744177178,2152,a75e1698c3b64aa8c3f47d1a4ca3ab0675af2840df98c4a388ce93168a7b98e4,True
stored,repetitive,65536,bytes,2,65624,9.6784e-05,645.7678955199207,2332,a75e1698c3b64aa8c3f47d1a4ca3ab0675af2840df98c4a388ce93168a7b98e4,True
stored,repetitive,65536,reader,2,65624,9.2042e-05,679.037830555616,2412,a75e1698c3b64aa8c3f47d1a4ca3ab0675af2840df98c4a388ce93168a7b98e4,True
stored,repetitive,65536,bytes,3,65624,0.000114902,543.9417938765208,2412,a75e1698c3b64aa8c3f47d1a4ca3ab0675af2840df98c4a388ce93168a7b98e4,True
stored,repetitive,65536,reader,3,65624,0.000111601,560.0308240965583,2412,a75e1698c3b64aa8c3f47d1a4ca3ab0675af2840df98c4a388ce93168a7b98e4,True
stored,repetitive,1048576,bytes,1,1048904,0.002240605,446.3080284119691,2684,8a724fa511733e13d17fd979243e9bb69c9f102388310a0b7a1a417143e5cebc,True
stored,repetitive,1048576,reader,1,1048904,0.001612331,620.2200416663824,2204,8a724fa511733e13d17fd979243e9bb69c9f102388310a0b7a1a417143e5cebc,True
stored,repetitive,1048576,bytes,2,1048904,0.002879906,347.23355553966,3164,8a724fa511733e13d17fd979243e9bb69c9f102388310a0b7a1a417143e5cebc,True
stored,repetitive,1048576,reader,2,1048904,0.001976802,505.86755780295647,2412,8a724fa511733e13d17fd979243e9bb69c9f102388310a0b7a1a417143e5cebc,True
stored,repetitive,1048576,bytes,3,1048904,0.002923065,342.10665859294954,3164,8a724fa511733e13d17fd979243e9bb69c9f102388310a0b7a1a417143e5cebc,True
stored,repetitive,1048576,reader,3,1048904,0.00220072,454.396742884147,2412,8a724fa511733e13d17fd979243e9bb69c9f102388310a0b7a1a417143e5cebc,True
stored,random,65536,bytes,1,65624,0.000299734,208.51821948794597,2412,dd097586189aecde62cb962e8ddcc60702c59538010d3e81e3a729f38a0edd65,True
stored,random,65536,reader,1,65624,0.000284301,219.83742582685252,2412,dd097586189aecde62cb962e8ddcc60702c59538010d3e81e3a729f38a0edd65,True
stored,random,65536,bytes,2,65624,0.000332808,187.79596644311437,2412,dd097586189aecde62cb962e8ddcc60702c59538010d3e81e3a729f38a0edd65,True
stored,random,65536,reader,2,65624,0.000282642,221.12778709462853,2220,dd097586189aecde62cb962e8ddcc60702c59538010d3e81e3a729f38a0edd65,True
stored,random,65536,bytes,3,65624,0.000300647,207.88499469477492,2240,dd097586189aecde62cb962e8ddcc60702c59538010d3e81e3a729f38a0edd65,True
stored,random,65536,reader,3,65624,0.000288748,216.45171568287918,2412,dd097586189aecde62cb962e8ddcc60702c59538010d3e81e3a729f38a0edd65,True
stored,random,1048576,bytes,1,1048904,0.004362101,229.2473282943242,2908,f15599ba18f9e2ccc5a4dce9927948b217d5abe88efe2ba4a6eca44a7a7e4659,True
stored,random,1048576,reader,1,1048904,0.003765626,265.5600954529207,2412,f15599ba18f9e2ccc5a4dce9927948b217d5abe88efe2ba4a6eca44a7a7e4659,True
stored,random,1048576,bytes,2,1048904,0.004721912,211.77861849183128,3164,f15599ba18f9e2ccc5a4dce9927948b217d5abe88efe2ba4a6eca44a7a7e4659,True
stored,random,1048576,reader,2,1048904,0.003670947,272.4092720488746,1992,f15599ba18f9e2ccc5a4dce9927948b217d5abe88efe2ba4a6eca44a7a7e4659,True
stored,random,1048576,bytes,3,1048904,0.004426924,225.89048287253183,2972,f15599ba18f9e2ccc5a4dce9927948b217d5abe88efe2ba4a6eca44a7a7e4659,True
stored,random,1048576,reader,3,1048904,0.003635914,275.03400795508367,2412,f15599ba18f9e2ccc5a4dce9927948b217d5abe88efe2ba4a6eca44a7a7e4659,True
mszip,repetitive,65536,bytes,1,433,0.000630707,99.09514243539394,2612,851e7864f62862680a73e8894a4dc856ac9d69363802238cb2b119590a60c0a5,True
mszip,repetitive,65536,reader,1,433,0.000559477,111.71147339390181,2796,851e7864f62862680a73e8894a4dc856ac9d69363802238cb2b119590a60c0a5,True
mszip,repetitive,65536,bytes,2,433,0.000778989,80.23219840074763,2988,851e7864f62862680a73e8894a4dc856ac9d69363802238cb2b119590a60c0a5,True
mszip,repetitive,65536,reader,2,433,0.000705867,88.54359248980332,2796,851e7864f62862680a73e8894a4dc856ac9d69363802238cb2b119590a60c0a5,True
mszip,repetitive,65536,bytes,3,433,0.00078804,79.31069488858434,2796,851e7864f62862680a73e8894a4dc856ac9d69363802238cb2b119590a60c0a5,True
mszip,repetitive,65536,reader,3,433,0.00073908,84.56459381934296,2796,851e7864f62862680a73e8894a4dc856ac9d69363802238cb2b119590a60c0a5,True
mszip,repetitive,1048576,bytes,1,5820,0.005182232,192.96704585977625,3548,0c35f82b19f9f3651e26cb988dfdfce974349a831f8390db5c034b5fbf0ec612,True
mszip,repetitive,1048576,reader,1,5820,0.005349265,186.94157047743943,2796,0c35f82b19f9f3651e26cb988dfdfce974349a831f8390db5c034b5fbf0ec612,True
mszip,repetitive,1048576,bytes,2,5820,0.007090789,141.02802946188356,3740,0c35f82b19f9f3651e26cb988dfdfce974349a831f8390db5c034b5fbf0ec612,True
mszip,repetitive,1048576,reader,2,5820,0.006032922,165.75715714540982,2796,0c35f82b19f9f3651e26cb988dfdfce974349a831f8390db5c034b5fbf0ec612,True
mszip,repetitive,1048576,bytes,3,5820,0.006580148,151.9722656694044,3740,0c35f82b19f9f3651e26cb988dfdfce974349a831f8390db5c034b5fbf0ec612,True
mszip,repetitive,1048576,reader,3,5820,0.006447807,155.09149079679338,2796,0c35f82b19f9f3651e26cb988dfdfce974349a831f8390db5c034b5fbf0ec612,True
mszip,random,65536,bytes,1,65638,0.002301646,27.15447988092,2792,27977fff4e41458b65044c30b9f4f5b03830254c98defc4c5bcb7dcbdb0a50fd,True
mszip,random,65536,reader,1,65638,0.003440435,18.16630745821386,2796,27977fff4e41458b65044c30b9f4f5b03830254c98defc4c5bcb7dcbdb0a50fd,True
mszip,random,65536,bytes,2,65638,0.002573136,24.289427375778036,2568,27977fff4e41458b65044c30b9f4f5b03830254c98defc4c5bcb7dcbdb0a50fd,True
mszip,random,65536,reader,2,65638,0.002698175,23.163805164602,2588,27977fff4e41458b65044c30b9f4f5b03830254c98defc4c5bcb7dcbdb0a50fd,True
mszip,random,65536,bytes,3,65638,0.003009942,20.76451971499783,2796,27977fff4e41458b65044c30b9f4f5b03830254c98defc4c5bcb7dcbdb0a50fd,True
mszip,random,65536,reader,3,65638,0.002878894,21.7097260267311,2592,27977fff4e41458b65044c30b9f4f5b03830254c98defc4c5bcb7dcbdb0a50fd,True
mszip,random,1048576,bytes,1,1049128,0.024145685,41.415267365576916,3740,026491aa1ed3ec941d90707ae5bf3668b0491008e47d2e9814c57fc02d28c50c,True
mszip,random,1048576,reader,1,1049128,0.03089474,32.367969434279104,2588,026491aa1ed3ec941d90707ae5bf3668b0491008e47d2e9814c57fc02d28c50c,True
mszip,random,1048576,bytes,2,1049128,0.025441468,39.3059079766938,3740,026491aa1ed3ec941d90707ae5bf3668b0491008e47d2e9814c57fc02d28c50c,True
mszip,random,1048576,reader,2,1049128,0.026153686,38.2355282540289,2588,026491aa1ed3ec941d90707ae5bf3668b0491008e47d2e9814c57fc02d28c50c,True
mszip,random,1048576,bytes,3,1049128,0.020784556,48.112646717110536,3548,026491aa1ed3ec941d90707ae5bf3668b0491008e47d2e9814c57fc02d28c50c,True
mszip,random,1048576,reader,3,1049128,0.024729561,40.43743437257135,2588,026491aa1ed3ec941d90707ae5bf3668b0491008e47d2e9814c57fc02d28c50c,True
lzx,repetitive,65536,bytes,1,1208,0.000996756,62.703409861591005,4124,4be975bc644d05238b506b761fa7bf4b6ee49e24627a044b0ea8334509462a1f,True
lzx,repetitive,65536,reader,1,1208,0.000843571,74.08979208626185,4056,4be975bc644d05238b506b761fa7bf4b6ee49e24627a044b0ea8334509462a1f,True
lzx,repetitive,65536,bytes,2,1208,0.001177174,53.09325554251113,4316,4be975bc644d05238b506b761fa7bf4b6ee49e24627a044b0ea8334509462a1f,True
lzx,repetitive,65536,reader,2,1208,0.001174742,53.20317141976706,4124,4be975bc644d05238b506b761fa7bf4b6ee49e24627a044b0ea8334509462a1f,True
lzx,repetitive,65536,bytes,3,1208,0.001177665,53.07111954588104,4316,4be975bc644d05238b506b761fa7bf4b6ee49e24627a044b0ea8334509462a1f,True
lzx,repetitive,65536,reader,3,1208,0.001094473,57.10510903421098,4124,4be975bc644d05238b506b761fa7bf4b6ee49e24627a044b0ea8334509462a1f,True
lzx,repetitive,1048576,bytes,1,18210,0.007406512,135.01632077285504,5276,1ec2000ad4ed7de0f7899d1c3fe9753dd54ebf9f3613429cfdbad47ee9a90165,True
lzx,repetitive,1048576,reader,1,18210,0.009233171,108.30515323500452,4124,1ec2000ad4ed7de0f7899d1c3fe9753dd54ebf9f3613429cfdbad47ee9a90165,True
lzx,repetitive,1048576,bytes,2,18210,0.010597279,94.36384566264604,5276,1ec2000ad4ed7de0f7899d1c3fe9753dd54ebf9f3613429cfdbad47ee9a90165,True
lzx,repetitive,1048576,reader,2,18210,0.009427083,106.07735181709974,4124,1ec2000ad4ed7de0f7899d1c3fe9753dd54ebf9f3613429cfdbad47ee9a90165,True
lzx,repetitive,1048576,bytes,3,18210,0.007984756,125.23864223277454,5028,1ec2000ad4ed7de0f7899d1c3fe9753dd54ebf9f3613429cfdbad47ee9a90165,True
lzx,repetitive,1048576,reader,3,18210,0.009719035,102.89087342519089,4124,1ec2000ad4ed7de0f7899d1c3fe9753dd54ebf9f3613429cfdbad47ee9a90165,True
lzx,random,65536,bytes,1,66618,0.003920843,15.940449541080833,3932,2c913b4518422f1f2bbdfb1f1493959e6b81136b4f9e7828f91e35cf7de02e09,True
lzx,random,65536,reader,1,66618,0.003951433,15.817046625869654,3932,2c913b4518422f1f2bbdfb1f1493959e6b81136b4f9e7828f91e35cf7de02e09,True
lzx,random,65536,bytes,2,66618,0.003703488,16.875982857241606,4116,2c913b4518422f1f2bbdfb1f1493959e6b81136b4f9e7828f91e35cf7de02e09,True
lzx,random,65536,reader,2,66618,0.003533473,17.687980069467066,4124,2c913b4518422f1f2bbdfb1f1493959e6b81136b4f9e7828f91e35cf7de02e09,True
lzx,random,65536,bytes,3,66618,0.003663888,17.058381697257122,4124,2c913b4518422f1f2bbdfb1f1493959e6b81136b4f9e7828f91e35cf7de02e09,True
lzx,random,65536,reader,3,66618,0.003543675,17.637057574410747,3932,2c913b4518422f1f2bbdfb1f1493959e6b81136b4f9e7828f91e35cf7de02e09,True
lzx,random,1048576,bytes,1,1064810,0.018977245,52.69468776948393,5084,0b9c65d2cecbb8b4f316f321ae00997a09a8f33cf61835b4226f833914bf74e2,True
lzx,random,1048576,reader,1,1064810,0.023492055,42.56758295517356,4056,0b9c65d2cecbb8b4f316f321ae00997a09a8f33cf61835b4226f833914bf74e2,True
lzx,random,1048576,bytes,2,1064810,0.018733401,53.38059010213895,5016,0b9c65d2cecbb8b4f316f321ae00997a09a8f33cf61835b4226f833914bf74e2,True
lzx,random,1048576,reader,2,1064810,0.019320077,51.759628080157235,4124,0b9c65d2cecbb8b4f316f321ae00997a09a8f33cf61835b4226f833914bf74e2,True
lzx,random,1048576,bytes,3,1064810,0.025734781,38.85791761740657,5276,0b9c65d2cecbb8b4f316f321ae00997a09a8f33cf61835b4226f833914bf74e2,True
lzx,random,1048576,reader,3,1064810,0.018679746,53.533918501889694,4136,0b9c65d2cecbb8b4f316f321ae00997a09a8f33cf61835b4226f833914bf74e2,True
quantum,repetitive,65536,bytes,1,305,0.000877508,71.22442188561243,3528,ce9bce01dcc2c9d4f40b2d7acba6283d2bec41a68d0935d857ddb3f658c32620,True
quantum,repetitive,65536,reader,1,305,0.001071818,58.31213881461218,3528,ce9bce01dcc2c9d4f40b2d7acba6283d2bec41a68d0935d857ddb3f658c32620,True
quantum,repetitive,65536,bytes,2,305,0.000988478,63.22851899587041,3520,ce9bce01dcc2c9d4f40b2d7acba6283d2bec41a68d0935d857ddb3f658c32620,True
quantum,repetitive,65536,reader,2,305,0.001084178,57.647360488775824,3528,ce9bce01dcc2c9d4f40b2d7acba6283d2bec41a68d0935d857ddb3f658c32620,True
quantum,repetitive,65536,bytes,3,305,0.000918471,68.04787521870587,3408,ce9bce01dcc2c9d4f40b2d7acba6283d2bec41a68d0935d857ddb3f658c32620,True
quantum,repetitive,65536,reader,3,305,0.001087382,57.47750100700582,3528,ce9bce01dcc2c9d4f40b2d7acba6283d2bec41a68d0935d857ddb3f658c32620,True
quantum,repetitive,1048576,bytes,1,2614,0.05781754,17.295789478417795,14196,b0e0f6bb795c2161b4bb0ca1128f6d64cc6c7d589e1e3aa9167b23ac9b1ee9c5,True
quantum,repetitive,1048576,reader,1,2614,0.058104157,17.210472565672024,13152,b0e0f6bb795c2161b4bb0ca1128f6d64cc6c7d589e1e3aa9167b23ac9b1ee9c5,True
quantum,repetitive,1048576,bytes,2,2614,0.062916996,15.893956539183783,13940,b0e0f6bb795c2161b4bb0ca1128f6d64cc6c7d589e1e3aa9167b23ac9b1ee9c5,True
quantum,repetitive,1048576,reader,2,2614,0.060282636,16.58852476192315,13136,b0e0f6bb795c2161b4bb0ca1128f6d64cc6c7d589e1e3aa9167b23ac9b1ee9c5,True
quantum,repetitive,1048576,bytes,3,2614,0.06427483,15.558189729945608,14244,b0e0f6bb795c2161b4bb0ca1128f6d64cc6c7d589e1e3aa9167b23ac9b1ee9c5,True
quantum,repetitive,1048576,reader,3,2614,0.065381344,15.294882895035013,13104,b0e0f6bb795c2161b4bb0ca1128f6d64cc6c7d589e1e3aa9167b23ac9b1ee9c5,True
quantum,random,65536,bytes,1,66344,0.011359977,5.5017717025307356,3676,4c1475b03b7214cbbe0e34098451f4a5a5c82e564459781c53f8c0529015e500,True
quantum,random,65536,reader,1,66344,0.011100678,5.630286726630572,3404,4c1475b03b7214cbbe0e34098451f4a5a5c82e564459781c53f8c0529015e500,True
quantum,random,65536,bytes,2,66344,0.014019716,4.458007565916456,3780,4c1475b03b7214cbbe0e34098451f4a5a5c82e564459781c53f8c0529015e500,True
quantum,random,65536,reader,2,66344,0.01565758,3.991676874714994,3644,4c1475b03b7214cbbe0e34098451f4a5a5c82e564459781c53f8c0529015e500,True
quantum,random,65536,bytes,3,66344,0.01402284,4.457014413628053,3732,4c1475b03b7214cbbe0e34098451f4a5a5c82e564459781c53f8c0529015e500,True
quantum,random,65536,reader,3,66344,0.016748788,3.7316132964367332,3720,4c1475b03b7214cbbe0e34098451f4a5a5c82e564459781c53f8c0529015e500,True
quantum,random,1048576,bytes,1,1059316,0.349216556,2.863552666157099,14568,5edbd4839e76224b8ea087a02d1106150644084a23feec0a45b72fb54cb51ea6,True
quantum,random,1048576,reader,1,1059316,0.365359663,2.737029018991623,13524,5edbd4839e76224b8ea087a02d1106150644084a23feec0a45b72fb54cb51ea6,True
quantum,random,1048576,bytes,2,1059316,0.334189163,2.9923172583546642,14528,5edbd4839e76224b8ea087a02d1106150644084a23feec0a45b72fb54cb51ea6,True
quantum,random,1048576,reader,2,1059316,0.335103385,2.9841536814079035,13580,5edbd4839e76224b8ea087a02d1106150644084a23feec0a45b72fb54cb51ea6,True
quantum,random,1048576,bytes,3,1059316,0.350005274,2.857099804730371,14480,5edbd4839e76224b8ea087a02d1106150644084a23feec0a45b72fb54cb51ea6,True
quantum,random,1048576,reader,3,1059316,0.348422624,2.870077690477413,13696,5edbd4839e76224b8ea087a02d1106150644084a23feec0a45b72fb54cb51ea6,True
stored,repetitive,33554432,bytes,1,33562696,0.037162353,861.0864871769556,34844,8190da633fbd7d862ba08cfc5d39f7d6e11bdc2d91d519d0edf88b68a0bb1744,True
stored,repetitive,33554432,reader,1,33562696,0.027376789,1168.8733839457943,2412,8190da633fbd7d862ba08cfc5d39f7d6e11bdc2d91d519d0edf88b68a0bb1744,True
stored,repetitive,33554432,bytes,2,33562696,0.036631668,873.5610947336605,34812,8190da633fbd7d862ba08cfc5d39f7d6e11bdc2d91d519d0edf88b68a0bb1744,True
stored,repetitive,33554432,reader,2,33562696,0.025014223,1279.2721964619889,2412,8190da633fbd7d862ba08cfc5d39f7d6e11bdc2d91d519d0edf88b68a0bb1744,True
stored,repetitive,33554432,bytes,3,33562696,0.037093579,862.6829996641736,34556,8190da633fbd7d862ba08cfc5d39f7d6e11bdc2d91d519d0edf88b68a0bb1744,True
stored,repetitive,33554432,reader,3,33562696,0.026800412,1194.0114950471657,2412,8190da633fbd7d862ba08cfc5d39f7d6e11bdc2d91d519d0edf88b68a0bb1744,True
stored,random,33554432,bytes,1,33562696,0.072606576,440.73142906504773,34460,934e3564449236303d4d564069d043f5064213fc141ed612b1e3643e886ec410,True
stored,random,33554432,reader,1,33562696,0.059558293,537.2887365996202,2412,934e3564449236303d4d564069d043f5064213fc141ed612b1e3643e886ec410,True
stored,random,33554432,bytes,2,33562696,0.072077869,443.96429089766787,34556,934e3564449236303d4d564069d043f5064213fc141ed612b1e3643e886ec410,True
stored,random,33554432,reader,2,33562696,0.058824119,543.99454754265,2412,934e3564449236303d4d564069d043f5064213fc141ed612b1e3643e886ec410,True
stored,random,33554432,bytes,3,33562696,0.070420266,454.4146425121428,34844,934e3564449236303d4d564069d043f5064213fc141ed612b1e3643e886ec410,True
stored,random,33554432,reader,3,33562696,0.059290221,539.7180084722572,2412,934e3564449236303d4d564069d043f5064213fc141ed612b1e3643e886ec410,True
